{
  "0": 48,
  "1": 49,
  "2": 50,
  "3": 51,
  "4": 52,
  "5": 53,
  "6": 54,
  "7": 55,
  "8": 56,
  "9": 57,
  "A": 65,
  "ADD": 107,
  "ALT": 18,
  "ALT_RIGHT": 17,
  "B": 66,
  "BACKSLASH": 220,
  "BACKSPACE": 8,
  "C": 67,
  "CAPS_LOCK": 20,
  "CLOSE_BRACKET": 221,
  "COMMA": 188,
  "CTRL": 17,
  "CTRL_RIGHT": 18,
  "D": 68,
  "DASH": 189,
  "DECIMAL_POINT": 110,
  "DELETE": 46,
  "DIVIDE": 111,
  "DOWN": 40,
  "E": 69,
  "END": 35,
  "ENTER": 13,
  "EQUAL_SIGN": 187,
  "ESCAPE": 27,
  "F": 70,
  "F1": 112,
  "F10": 121,
  "F11": 122,
  "F12": 123,
  "F2": 113,
  "F3": 114,
  "F4": 115,
  "F5": 116,
  "F6": 117,
  "F7": 118,
  "F8": 119,
  "F9": 120,
  "G": 71,
  "GRAVE_ACCENT": 192,
  "H": 72,
  "HOME": 36,
  "I": 73,
  "INSERT": 45,
  "J": 74,
  "K": 75,
  "L": 76,
  "LEFT": 37,
  "LEFT_WINDOW": 91,
  "M": 77,
  "MULTIPLY": 106,
  "N": 78,
  "NUMPAD_0": 96,
  "NUMPAD_1": 97,
  "NUMPAD_2": 98,
  "NUMPAD_3": 99,
  "NUMPAD_4": 100,
  "NUMPAD_5": 101,
  "NUMPAD_6": 102,
  "NUMPAD_7": 103,
  "NUMPAD_8": 104,
  "NUMPAD_9": 105,
  "NUM_LOCK": 144,
  "O": 79,
  "OPEN_BRACKET": 219,
  "P": 80,
  "PAGE_DOWN": 34,
  "PAGE_UP": 33,
  "PAUSE_BREAK": 19,
  "PERIOD": 190,
  "Q": 81,
  "R": 82,
  "RIGHT": 39,
  "RIGHT_WINDOW": 92,
  "S": 83,
  "SCROLL_LOCK": 145,
  "SELECT_KEY": 93,
  "SEMICOLON": 186,
  "SHIFT": 16,
  "SINGLE_QUOTE": 222,
  "SLASH": 191,
  "SPACE": 32,
  "SUBTRACT": 109,
  "T": 84,
  "TAB": 9,
  "U": 85,
  "UP": 38,
  "V": 86,
  "W": 87,
  "X": 88,
  "Y": 89,
  "Z": 90
}
